{
    "name": "Deep Scattering",
    "num parameters": 2584500,
    "num train samples": 511,
    "num test samples": 213,
    "num epochs": 50,
    "train accuracy": 0.2563600782778865,
    "train loss": 2.5256900913328106,
    "test accuracy": 0.16901408450704225,
    "test loss": 3.9268809014083073,
    "train accuracy history": [
        0.01761252446183953,
        0.03131115459882583,
        0.03131115459882583,
        0.03131115459882583,
        0.03131115459882583,
        0.03131115459882583,
        0.03131115459882583,
        0.03131115459882583,
        0.03131115459882583,
        0.025440313111545987,
        0.029354207436399216,
        0.029354207436399216,
        0.050880626223091974,
        0.07436399217221135,
        0.08414872798434442,
        0.11154598825831702,
        0.09784735812133072,
        0.1350293542074364,
        0.12133072407045009,
        0.14090019569471623,
        0.14677103718199608,
        0.15459882583170254,
        0.16829745596868884,
        0.1643835616438356,
        0.162426614481409,
        0.18003913894324852,
        0.17416829745596868,
        0.18395303326810175,
        0.21526418786692758,
        0.19960861056751467,
        0.21526418786692758,
        0.19960861056751467,
        0.23874755381604695,
        0.2309197651663405,
        0.2446183953033268,
        0.24070450097847357,
        0.2465753424657534,
        0.25048923679060664,
        0.24853228962818003,
        0.25244618395303325,
        0.25440313111545987,
        0.24266144814090018,
        0.25440313111545987,
        0.2563600782778865,
        0.2602739726027397,
        0.2583170254403131,
        0.25440313111545987,
        0.25244618395303325,
        0.2583170254403131,
        0.2563600782778865
    ],
    "train loss history": [
        4.094708994176757,
        4.083254481948285,
        4.06483548121443,
        4.052475932059689,
        4.0482044714537615,
        4.0431887566926665,
        4.040566501318825,
        4.039730751351135,
        4.031075229383495,
        4.017985820770264,
        3.987219281859127,
        3.8985601385978805,
        3.7383929470047326,
        3.5899731832940986,
        3.450042975625413,
        3.3546365744447053,
        3.281783569582288,
        3.183955029265521,
        3.157582976813419,
        3.1184168333176765,
        3.0902320242208043,
        3.0402340539047628,
        2.9841951852675286,
        2.981333301025361,
        2.9570388728625154,
        2.8772183985626163,
        2.8583862814184737,
        2.799291864533247,
        2.798144015780634,
        2.7555193303849133,
        2.731578936548849,
        2.7311037342609024,
        2.6160823146424415,
        2.5973736050077614,
        2.5848280818961604,
        2.571864359066211,
        2.5670144893885127,
        2.561351262426656,
        2.5532906643331867,
        2.552488333558383,
        2.544898589763156,
        2.542863010193737,
        2.536370328727767,
        2.5284277254354697,
        2.5280600760547616,
        2.527250432688196,
        2.5271423436890843,
        2.526282196175562,
        2.5259953049064383,
        2.5256900913328106
    ],
    "test accuracy history": [
        0.004694835680751174,
        0.004694835680751174,
        0.004694835680751174,
        0.004694835680751174,
        0.004694835680751174,
        0.004694835680751174,
        0.004694835680751174,
        0.004694835680751174,
        0.004694835680751174,
        0.018779342723004695,
        0.004694835680751174,
        0.018779342723004695,
        0.03755868544600939,
        0.07981220657276995,
        0.06572769953051644,
        0.10328638497652583,
        0.07981220657276995,
        0.11267605633802817,
        0.12206572769953052,
        0.12206572769953052,
        0.12206572769953052,
        0.13145539906103287,
        0.11737089201877934,
        0.13145539906103287,
        0.13145539906103287,
        0.13615023474178403,
        0.13145539906103287,
        0.14084507042253522,
        0.14084507042253522,
        0.15023474178403756,
        0.1267605633802817,
        0.15023474178403756,
        0.16901408450704225,
        0.1596244131455399,
        0.15492957746478872,
        0.1643192488262911,
        0.1643192488262911,
        0.1643192488262911,
        0.16901408450704225,
        0.16901408450704225,
        0.16901408450704225,
        0.16901408450704225,
        0.1643192488262911,
        0.1643192488262911,
        0.16901408450704225,
        0.16901408450704225,
        0.16901408450704225,
        0.16901408450704225,
        0.16901408450704225,
        0.16901408450704225
    ],
    "test loss history": [
        4.096095897782017,
        4.09981575818129,
        4.139547659197883,
        4.147436260617395,
        4.1372432596806625,
        4.126139338587372,
        4.142960687198549,
        4.134739423581692,
        4.120175643705986,
        4.108186204668502,
        4.051308861360863,
        3.9800943421645902,
        3.85696996769435,
        3.6892458317984995,
        3.842762244139479,
        3.7140632548802337,
        3.673719841549654,
        3.689396108260177,
        3.6771834501078433,
        3.708281674855192,
        3.6373683969739457,
        3.6752089413119036,
        3.8569188700035704,
        3.7360594485287377,
        3.697017018224152,
        3.8511556739538486,
        3.758509096405316,
        3.8084512450885324,
        3.885352204103425,
        3.8285036154196295,
        3.9848352911326805,
        3.812531034711381,
        3.8201684313760675,
        3.86587638810207,
        3.8374425794037297,
        3.842079697640289,
        3.864808868354475,
        3.875677505009611,
        3.874560300173334,
        3.8906208909173525,
        3.9135027536204166,
        3.9045314083636646,
        3.927484178766958,
        3.9268500782514404,
        3.9249597133045464,
        3.926224480212574,
        3.928028830899879,
        3.9269273717638473,
        3.926121196836373,
        3.9268809014083073
    ],
    "lr history": [
        0.001,
        0.001,
        0.001,
        0.001,
        0.001,
        0.001,
        0.001,
        0.001,
        0.001,
        0.001,
        0.001,
        0.001,
        0.001,
        0.001,
        0.001,
        0.001,
        0.001,
        0.001,
        0.001,
        0.001,
        0.001,
        0.001,
        0.001,
        0.001,
        0.001,
        0.001,
        0.001,
        0.001,
        0.001,
        0.001,
        0.001,
        0.0001,
        0.0001,
        0.0001,
        0.0001,
        0.0001,
        0.0001,
        0.0001,
        0.0001,
        0.0001,
        0.0001,
        0.0001,
        1e-05,
        1e-05,
        1e-05,
        1e-05,
        1e-05,
        1e-05,
        1e-05,
        1e-05
    ],
    "avg time per epoch": 0.057344970703125
}