{
    "name": "Lin Scattering",
    "num parameters": 225360,
    "num train samples": 511,
    "num test samples": 213,
    "num epochs": 50,
    "train accuracy": 0.03522504892367906,
    "train loss": 3.9830596218370413,
    "test accuracy": 0.004694835680751174,
    "test loss": 4.078248182932536,
    "train accuracy history": [
        0.023483365949119372,
        0.03718199608610567,
        0.03718199608610567,
        0.03131115459882583,
        0.03131115459882583,
        0.03131115459882583,
        0.03131115459882583,
        0.03131115459882583,
        0.03131115459882583,
        0.03131115459882583,
        0.03131115459882583,
        0.03131115459882583,
        0.03131115459882583,
        0.03131115459882583,
        0.03131115459882583,
        0.03131115459882583,
        0.03131115459882583,
        0.03131115459882583,
        0.03131115459882583,
        0.03131115459882583,
        0.03131115459882583,
        0.03131115459882583,
        0.03131115459882583,
        0.03131115459882583,
        0.03131115459882583,
        0.03131115459882583,
        0.03131115459882583,
        0.03131115459882583,
        0.03131115459882583,
        0.03131115459882583,
        0.03131115459882583,
        0.03131115459882583,
        0.03131115459882583,
        0.03131115459882583,
        0.03131115459882583,
        0.03131115459882583,
        0.03131115459882583,
        0.03131115459882583,
        0.03131115459882583,
        0.03131115459882583,
        0.03131115459882583,
        0.03131115459882583,
        0.03131115459882583,
        0.033268101761252444,
        0.03522504892367906,
        0.03131115459882583,
        0.03131115459882583,
        0.03522504892367906,
        0.03522504892367906,
        0.03522504892367906
    ],
    "train loss history": [
        4.093286680382058,
        4.087968322395579,
        4.083407737970819,
        4.079433644587747,
        4.075533365783393,
        4.071946995132357,
        4.068134042848113,
        4.064869601665878,
        4.061705234699287,
        4.058351888115392,
        4.055477410146635,
        4.0525717632644565,
        4.049709617741653,
        4.046924442694379,
        4.044438845490756,
        4.04184107024609,
        4.039275905624061,
        4.036897356029592,
        4.034838754836827,
        4.0323417867933005,
        4.030389427438874,
        4.0281965307993435,
        4.026112652571467,
        4.024139216734705,
        4.022085993257288,
        4.020326410487673,
        4.018459864091967,
        4.016549854595834,
        4.014805490956614,
        4.013130596705845,
        4.011333604148223,
        4.0098338640366045,
        4.008112888746766,
        4.006377504763071,
        4.004755182508853,
        4.003304848698954,
        4.001638410142723,
        4.000175315573258,
        3.998695039469202,
        3.9971087384830484,
        3.995630830701317,
        3.994264950724264,
        3.9927897336664966,
        3.9913467045166255,
        3.9900044377769275,
        3.9885616857711583,
        3.9871599790867993,
        3.985770804074879,
        3.984562473521074,
        3.9830596218370413
    ],
    "test accuracy history": [
        0.028169014084507043,
        0.009389671361502348,
        0.009389671361502348,
        0.004694835680751174,
        0.004694835680751174,
        0.004694835680751174,
        0.004694835680751174,
        0.004694835680751174,
        0.004694835680751174,
        0.004694835680751174,
        0.004694835680751174,
        0.004694835680751174,
        0.004694835680751174,
        0.004694835680751174,
        0.004694835680751174,
        0.004694835680751174,
        0.004694835680751174,
        0.004694835680751174,
        0.004694835680751174,
        0.004694835680751174,
        0.004694835680751174,
        0.004694835680751174,
        0.004694835680751174,
        0.004694835680751174,
        0.004694835680751174,
        0.004694835680751174,
        0.004694835680751174,
        0.004694835680751174,
        0.004694835680751174,
        0.004694835680751174,
        0.004694835680751174,
        0.004694835680751174,
        0.004694835680751174,
        0.004694835680751174,
        0.004694835680751174,
        0.004694835680751174,
        0.004694835680751174,
        0.004694835680751174,
        0.004694835680751174,
        0.004694835680751174,
        0.004694835680751174,
        0.004694835680751174,
        0.004694835680751174,
        0.004694835680751174,
        0.004694835680751174,
        0.004694835680751174,
        0.004694835680751174,
        0.004694835680751174,
        0.004694835680751174,
        0.004694835680751174
    ],
    "test loss history": [
        4.092730654237416,
        4.091837506898692,
        4.09089845558847,
        4.09020596043045,
        4.089804224005327,
        4.089439000322225,
        4.089031293358602,
        4.088404420395972,
        4.087983131408691,
        4.087518880065058,
        4.087236397702929,
        4.087262632701319,
        4.087130654026085,
        4.086840517644031,
        4.086746092693347,
        4.086723242567179,
        4.086311978353581,
        4.086243584682125,
        4.08602254715324,
        4.08606919884122,
        4.085801690956797,
        4.085590494630482,
        4.085612415707727,
        4.085488005982878,
        4.085231203428457,
        4.085407279466799,
        4.085096654757647,
        4.085005119932649,
        4.084653001436045,
        4.084395979491758,
        4.0842932557835825,
        4.084569434045067,
        4.084245934732643,
        4.0840322288549,
        4.083657125911802,
        4.083355003679302,
        4.083153147093007,
        4.082601755437716,
        4.082325872680951,
        4.082102943474139,
        4.081812090717011,
        4.081686272867409,
        4.081485712472262,
        4.080946517102595,
        4.080612124411712,
        4.079924522990912,
        4.07949637023496,
        4.078937420822645,
        4.078643982399238,
        4.078248182932536
    ],
    "lr history": [
        0.001,
        0.001,
        0.001,
        0.001,
        0.001,
        0.001,
        0.001,
        0.001,
        0.001,
        0.001,
        0.001,
        0.001,
        0.001,
        0.001,
        0.001,
        0.001,
        0.001,
        0.001,
        0.001,
        0.001,
        0.001,
        0.001,
        0.001,
        0.001,
        0.001,
        0.001,
        0.001,
        0.001,
        0.001,
        0.001,
        0.001,
        0.001,
        0.001,
        0.001,
        0.001,
        0.001,
        0.001,
        0.001,
        0.001,
        0.001,
        0.001,
        0.001,
        0.001,
        0.001,
        0.001,
        0.001,
        0.001,
        0.001,
        0.001,
        0.001
    ],
    "avg time per epoch": 0.019650850296020508
}