{
    "name": "ResNet",
    "num parameters": 42868980,
    "num train samples": 511,
    "num test samples": 213,
    "num epochs": 50,
    "train accuracy": 1.0,
    "train loss": 0.008143756292585408,
    "test accuracy": 0.40375586854460094,
    "test loss": 2.9514217399095704,
    "train accuracy history": [
        0.07436399217221135,
        0.22896281800391388,
        0.37181996086105673,
        0.46966731898238745,
        0.6125244618395304,
        0.6966731898238747,
        0.7338551859099804,
        0.8199608610567515,
        0.8806262230919765,
        0.9452054794520548,
        0.9393346379647749,
        0.9510763209393346,
        0.9295499021526419,
        0.913894324853229,
        0.9197651663405088,
        0.9315068493150684,
        0.974559686888454,
        0.9960861056751468,
        1.0,
        1.0,
        1.0,
        1.0,
        1.0,
        1.0,
        1.0,
        1.0,
        1.0,
        0.9980430528375733,
        1.0,
        1.0,
        1.0,
        1.0,
        1.0,
        1.0,
        1.0,
        1.0,
        1.0,
        1.0,
        1.0,
        1.0,
        1.0,
        1.0,
        1.0,
        1.0,
        1.0,
        1.0,
        1.0,
        1.0,
        1.0,
        1.0
    ],
    "train loss history": [
        4.00706585606017,
        2.971360056367639,
        2.3012277618079735,
        1.7818246170032748,
        1.3170297430452769,
        0.9966244956518573,
        0.8099973770970235,
        0.5670153493983872,
        0.40211996406958295,
        0.2609607040182252,
        0.22140574326953777,
        0.1986732800762714,
        0.24461313878020194,
        0.27425860790007267,
        0.2820408582220805,
        0.25847741261620344,
        0.12455453646392972,
        0.043497261724301746,
        0.021917773516385755,
        0.019517856028565223,
        0.013170723790583545,
        0.012078720549533396,
        0.011647430319637934,
        0.011154805647242092,
        0.011548267801359676,
        0.008847115730863145,
        0.009950945863715298,
        0.012182287984835657,
        0.007505541454103945,
        0.008965005081168827,
        0.007818934578747432,
        0.00706327889103683,
        0.007541258063043401,
        0.00793650731674,
        0.008648275217285594,
        0.00732902131078003,
        0.007045691623306904,
        0.0061487709445452385,
        0.0076647195245144765,
        0.006769347090252225,
        0.009161031110587652,
        0.008026400004165456,
        0.00815458964272138,
        0.007917492413517897,
        0.007590021736693884,
        0.0077187633415257625,
        0.007543101580540145,
        0.008267632846897304,
        0.009263419188967306,
        0.008143756292585408
    ],
    "test accuracy history": [
        0.107981220657277,
        0.15023474178403756,
        0.17370892018779344,
        0.10328638497652583,
        0.3380281690140845,
        0.2676056338028169,
        0.23943661971830985,
        0.3004694835680751,
        0.3192488262910798,
        0.323943661971831,
        0.3333333333333333,
        0.3145539906103286,
        0.3286384976525822,
        0.3192488262910798,
        0.2676056338028169,
        0.27699530516431925,
        0.3333333333333333,
        0.3615023474178404,
        0.37089201877934275,
        0.3755868544600939,
        0.38028169014084506,
        0.38967136150234744,
        0.38028169014084506,
        0.3755868544600939,
        0.39906103286384975,
        0.38028169014084506,
        0.38497652582159625,
        0.40375586854460094,
        0.4084507042253521,
        0.39906103286384975,
        0.39436619718309857,
        0.39906103286384975,
        0.4084507042253521,
        0.38967136150234744,
        0.39906103286384975,
        0.39906103286384975,
        0.4084507042253521,
        0.40375586854460094,
        0.40375586854460094,
        0.39906103286384975,
        0.38967136150234744,
        0.4084507042253521,
        0.39436619718309857,
        0.39436619718309857,
        0.40375586854460094,
        0.39906103286384975,
        0.39906103286384975,
        0.39436619718309857,
        0.38497652582159625,
        0.40375586854460094
    ],
    "test loss history": [
        4.106063683827718,
        3.4015795154750625,
        3.1590851606897346,
        3.545567040152393,
        2.770622644066251,
        2.9139414281352587,
        3.129987298043121,
        2.970625933347174,
        2.923707410203459,
        2.862284513706333,
        2.92165220063617,
        3.2870485010281416,
        3.096522867399762,
        3.2237420899207603,
        3.6254024572775396,
        3.515242196024863,
        3.1395472148214707,
        3.0179605181788056,
        2.9644131929102078,
        2.9772876764127347,
        2.9278067154503766,
        2.93665775334891,
        2.9584096172046213,
        2.9420160956226042,
        2.9228866245824965,
        2.96982397719728,
        2.9556373889457452,
        2.9395394549123557,
        2.948804978473645,
        2.9572193096501165,
        2.935198509637179,
        2.9219440484830472,
        2.934689506118846,
        2.972679493013122,
        2.947494201257195,
        2.944854696032027,
        2.9355929692586265,
        2.9181273811859705,
        2.938867620459185,
        2.9357624613623106,
        2.9532271729948376,
        2.9476950728277647,
        2.972844592842138,
        2.957350709628611,
        2.9509624002125343,
        2.9579624245424228,
        2.9365203123137427,
        2.9531815723634103,
        2.9726797034483,
        2.9514217399095704
    ],
    "lr history": [
        0.001,
        0.001,
        0.001,
        0.001,
        0.001,
        0.001,
        0.001,
        0.001,
        0.001,
        0.001,
        0.001,
        0.001,
        0.001,
        0.001,
        0.001,
        0.0001,
        0.0001,
        0.0001,
        0.0001,
        0.0001,
        0.0001,
        0.0001,
        0.0001,
        0.0001,
        0.0001,
        0.0001,
        1e-05,
        1e-05,
        1e-05,
        1e-05,
        1e-05,
        1e-05,
        1e-05,
        1e-05,
        1e-05,
        1e-05,
        1e-05,
        1.0000000000000002e-06,
        1.0000000000000002e-06,
        1.0000000000000002e-06,
        1.0000000000000002e-06,
        1.0000000000000002e-06,
        1.0000000000000002e-06,
        1.0000000000000002e-06,
        1.0000000000000002e-06,
        1.0000000000000002e-06,
        1.0000000000000002e-06,
        1.0000000000000002e-06,
        1.0000000000000002e-07,
        1.0000000000000002e-07
    ],
    "avg time per epoch": 3.219109225273132
}