{
    "name": "Shallow Scattering",
    "num parameters": 1448628,
    "num train samples": 511,
    "num test samples": 213,
    "num epochs": 50,
    "train accuracy": 0.2700587084148728,
    "train loss": 2.5752038017877625,
    "test accuracy": 0.22065727699530516,
    "test loss": 3.3082263257022193,
    "train accuracy history": [
        0.019569471624266144,
        0.03131115459882583,
        0.03131115459882583,
        0.03131115459882583,
        0.03131115459882583,
        0.03131115459882583,
        0.03131115459882583,
        0.033268101761252444,
        0.04500978473581213,
        0.050880626223091974,
        0.0547945205479452,
        0.0547945205479452,
        0.07240704500978473,
        0.07240704500978473,
        0.07632093933463796,
        0.11154598825831702,
        0.11350293542074363,
        0.12720156555772993,
        0.13307240704500978,
        0.1487279843444227,
        0.12720156555772993,
        0.15264187866927592,
        0.1487279843444227,
        0.1487279843444227,
        0.1643835616438356,
        0.16634050880626222,
        0.16829745596868884,
        0.18395303326810175,
        0.18395303326810175,
        0.20156555772994128,
        0.18590998043052837,
        0.19765166340508805,
        0.18786692759295498,
        0.21135029354207435,
        0.22113502935420742,
        0.2172211350293542,
        0.21330724070450097,
        0.22309197651663404,
        0.22896281800391388,
        0.2583170254403131,
        0.22896281800391388,
        0.2328767123287671,
        0.25244618395303325,
        0.24853228962818003,
        0.2602739726027397,
        0.2602739726027397,
        0.26614481409001955,
        0.2602739726027397,
        0.25440313111545987,
        0.2700587084148728
    ],
    "train loss history": [
        4.095750885233721,
        4.082139701992565,
        4.068738177797799,
        4.051711262555505,
        4.0435354835599835,
        4.034392880366973,
        4.0241896345657375,
        4.007370716438368,
        3.9816887943245427,
        3.9371551366234945,
        3.8716187103853765,
        3.790062371065472,
        3.702652471172833,
        3.6206648503730907,
        3.547744459835284,
        3.4752792906154624,
        3.4130878140548435,
        3.339799496059082,
        3.2759918877289955,
        3.2040967087456393,
        3.160323371159354,
        3.113426377395361,
        3.0521043350085355,
        3.0271861483206255,
        2.9860638774304475,
        2.9695512366621464,
        2.953667688743009,
        2.902939216964632,
        2.8944294601970455,
        2.871645297089668,
        2.864516731344324,
        2.839899472761061,
        2.8283029456427884,
        2.8152358028053537,
        2.80233730868584,
        2.7797695895230468,
        2.7753082166212644,
        2.7466546500032427,
        2.745858215305903,
        2.7147462587300577,
        2.7019528474826404,
        2.6876091401870936,
        2.6709969594287313,
        2.6580772983118046,
        2.6547044242664795,
        2.638205089214497,
        2.6168008695143308,
        2.6003494995214234,
        2.5992203808577328,
        2.5752038017877625
    ],
    "test accuracy history": [
        0.004694835680751174,
        0.004694835680751174,
        0.004694835680751174,
        0.004694835680751174,
        0.004694835680751174,
        0.004694835680751174,
        0.004694835680751174,
        0.004694835680751174,
        0.009389671361502348,
        0.009389671361502348,
        0.009389671361502348,
        0.014084507042253521,
        0.028169014084507043,
        0.028169014084507043,
        0.051643192488262914,
        0.056338028169014086,
        0.07511737089201878,
        0.09859154929577464,
        0.11267605633802817,
        0.11267605633802817,
        0.107981220657277,
        0.13145539906103287,
        0.1267605633802817,
        0.15492957746478872,
        0.13615023474178403,
        0.13615023474178403,
        0.13615023474178403,
        0.1643192488262911,
        0.13145539906103287,
        0.14084507042253522,
        0.14553990610328638,
        0.14084507042253522,
        0.15023474178403756,
        0.14084507042253522,
        0.13615023474178403,
        0.15023474178403756,
        0.13615023474178403,
        0.1643192488262911,
        0.1784037558685446,
        0.1596244131455399,
        0.15492957746478872,
        0.1596244131455399,
        0.19248826291079812,
        0.1784037558685446,
        0.1643192488262911,
        0.19718309859154928,
        0.18779342723004694,
        0.20657276995305165,
        0.17370892018779344,
        0.22065727699530516
    ],
    "test loss history": [
        4.095147475390367,
        4.095225607285477,
        4.103403241421695,
        4.131140605944423,
        4.151234107398091,
        4.132545059275739,
        4.116538526866358,
        4.104292193488895,
        4.089176460051201,
        4.047856942029067,
        3.998463064292227,
        3.9414189690155603,
        3.8858157547426897,
        3.834847646140157,
        3.78469249116423,
        3.7089554379243808,
        3.681733897034551,
        3.597449692202286,
        3.5951194595283185,
        3.503206528408427,
        3.570064229024968,
        3.4691093706748855,
        3.4574384084889584,
        3.4458583431064804,
        3.4534427101063616,
        3.425339810725109,
        3.4319554987088057,
        3.40698220360447,
        3.4154756483337687,
        3.3864618243186126,
        3.408242815537072,
        3.4176638305467057,
        3.42839812336953,
        3.36379087251117,
        3.4030590471527384,
        3.3772930550463323,
        3.387040789698211,
        3.3774681315175803,
        3.3625627179660706,
        3.3802657037833486,
        3.3465003743417947,
        3.3711057190604055,
        3.3359694861470253,
        3.3390335029279683,
        3.35655969073515,
        3.319747175968869,
        3.3715386133238745,
        3.316054789672995,
        3.3317361124244655,
        3.3082263257022193
    ],
    "lr history": [
        0.001,
        0.001,
        0.001,
        0.001,
        0.001,
        0.001,
        0.001,
        0.001,
        0.001,
        0.001,
        0.001,
        0.001,
        0.001,
        0.001,
        0.001,
        0.001,
        0.001,
        0.001,
        0.001,
        0.001,
        0.001,
        0.001,
        0.001,
        0.001,
        0.001,
        0.001,
        0.001,
        0.001,
        0.001,
        0.001,
        0.001,
        0.001,
        0.001,
        0.001,
        0.001,
        0.001,
        0.001,
        0.001,
        0.001,
        0.001,
        0.001,
        0.001,
        0.001,
        0.001,
        0.001,
        0.001,
        0.001,
        0.001,
        0.001,
        0.001
    ],
    "avg time per epoch": 0.03847461700439453
}