{
    "name": "Shallow Scattering",
    "num parameters": 1448628,
    "num train samples": 40091,
    "num test samples": 16488,
    "num epochs": 30,
    "train accuracy": 0.6679304582075778,
    "train loss": 1.0400047313456067,
    "test accuracy": 0.6061377971858322,
    "test loss": 1.3490444752615902,
    "train accuracy history": [
        0.23621261629792223,
        0.3896385722481355,
        0.4388017260731835,
        0.46404429921927615,
        0.4907585243570876,
        0.5074455613479335,
        0.5202663939537552,
        0.5340350702152603,
        0.5454091940834601,
        0.5595520191564192,
        0.5679080092788905,
        0.578708438302861,
        0.5899827891546732,
        0.5990870769000524,
        0.6053977201865756,
        0.608765059489661,
        0.613354618243496,
        0.6193659424808561,
        0.6262003941034148,
        0.6312638746850914,
        0.6327355266768102,
        0.6389713402010426,
        0.6415404953730264,
        0.6468035219874785,
        0.6474769898480955,
        0.6516425132822828,
        0.6585517946671323,
        0.6601980494375296,
        0.6627672046095133,
        0.6679304582075778
    ],
    "train loss history": [
        2.662269353979569,
        2.024474478740863,
        1.8528789264926062,
        1.7592275989810597,
        1.6622878571221031,
        1.6044319079167344,
        1.5564208072150822,
        1.5050714316667473,
        1.466452408370949,
        1.4184182676753145,
        1.3865251748908745,
        1.3537086770687412,
        1.306103474371408,
        1.2898454441551688,
        1.2662283798246652,
        1.2420476782851504,
        1.229289832839748,
        1.2101382477547342,
        1.1861633388879147,
        1.1620795680479232,
        1.1579526582126627,
        1.139784924958585,
        1.1266721805473934,
        1.1058644739236494,
        1.1058914827208024,
        1.0889408634765785,
        1.0756550542503815,
        1.0647135345218204,
        1.0557460817828395,
        1.0400047313456067
    ],
    "test accuracy history": null,
    "test loss history": null,
    "lr history": [
        0.01,
        0.01,
        0.01,
        0.01,
        0.01,
        0.01,
        0.01,
        0.01,
        0.01,
        0.01,
        0.01,
        0.01,
        0.01,
        0.01,
        0.01,
        0.01,
        0.01,
        0.01,
        0.01,
        0.01,
        0.01,
        0.01,
        0.01,
        0.01,
        0.01,
        0.01,
        0.01,
        0.01,
        0.01,
        0.01
    ],
    "avg time per epoch": 462.98829381465913
}