{
    "name": "ShuffleNet",
    "num parameters": 1438104,
    "num train samples": 511,
    "num test samples": 213,
    "num epochs": 50,
    "train accuracy": 1.0,
    "train loss": 0.017831637525890905,
    "test accuracy": 0.3004694835680751,
    "test loss": 3.002254581227549,
    "train accuracy history": [
        0.05675146771037182,
        0.2446183953033268,
        0.2563600782778865,
        0.2622309197651663,
        0.2896281800391389,
        0.3013698630136986,
        0.36007827788649704,
        0.4227005870841487,
        0.49706457925636005,
        0.5440313111545988,
        0.5714285714285714,
        0.5929549902152642,
        0.6379647749510763,
        0.6555772994129159,
        0.6947162426614482,
        0.7201565557729941,
        0.7534246575342466,
        0.7573385518590998,
        0.7886497064579256,
        0.821917808219178,
        0.8532289628180039,
        0.8864970645792564,
        0.9001956947162426,
        0.9334637964774951,
        0.949119373776908,
        0.9608610567514677,
        0.9863013698630136,
        0.9921722113502935,
        0.9980430528375733,
        0.9921722113502935,
        0.9980430528375733,
        0.9960861056751468,
        0.9941291585127201,
        0.9960861056751468,
        0.9960861056751468,
        0.9960861056751468,
        0.9980430528375733,
        1.0,
        1.0,
        1.0,
        1.0,
        1.0,
        1.0,
        1.0,
        1.0,
        1.0,
        1.0,
        1.0,
        1.0,
        1.0
    ],
    "train loss history": [
        4.078919246472025,
        3.9201253664236946,
        3.6985881944458545,
        3.447120698697413,
        3.161232311898248,
        2.9159246699450767,
        2.6895299429062995,
        2.4866181866296815,
        2.248456903633073,
        2.037932429294997,
        1.845624797731463,
        1.7045080687435172,
        1.5383006182668726,
        1.45024915100777,
        1.2873021968423504,
        1.1700335171824565,
        1.0292321539205114,
        0.9301005388425988,
        0.7938941571343902,
        0.6818326151767589,
        0.5634939520093093,
        0.4714824790590663,
        0.3825548222386907,
        0.30929348549264285,
        0.260025368219719,
        0.19369042386280813,
        0.13570212346816948,
        0.10297069947896871,
        0.06207534979934095,
        0.06615357592322822,
        0.052086185328589496,
        0.049524557968116785,
        0.04213508341731157,
        0.04087537930961224,
        0.04241570496454164,
        0.033066963532724494,
        0.025666006077117415,
        0.02051513504287968,
        0.017657001553843282,
        0.018516608107463254,
        0.01625250181485762,
        0.018827166306237653,
        0.013595495611764563,
        0.013056223333581786,
        0.013457769597288213,
        0.015575654416503621,
        0.014507431212499184,
        0.0162551476129872,
        0.012764974838075338,
        0.017831637525890905
    ],
    "test accuracy history": [
        0.004694835680751174,
        0.056338028169014086,
        0.10328638497652583,
        0.14084507042253522,
        0.14553990610328638,
        0.15023474178403756,
        0.215962441314554,
        0.22065727699530516,
        0.2300469483568075,
        0.2300469483568075,
        0.23943661971830985,
        0.2347417840375587,
        0.25821596244131456,
        0.27230046948356806,
        0.26291079812206575,
        0.29107981220657275,
        0.28169014084507044,
        0.2863849765258216,
        0.3051643192488263,
        0.30985915492957744,
        0.30985915492957744,
        0.3004694835680751,
        0.2676056338028169,
        0.25821596244131456,
        0.23943661971830985,
        0.2863849765258216,
        0.25821596244131456,
        0.2676056338028169,
        0.28169014084507044,
        0.2535211267605634,
        0.27230046948356806,
        0.2863849765258216,
        0.27699530516431925,
        0.2863849765258216,
        0.29577464788732394,
        0.29577464788732394,
        0.3004694835680751,
        0.2863849765258216,
        0.2863849765258216,
        0.2863849765258216,
        0.3004694835680751,
        0.27699530516431925,
        0.27699530516431925,
        0.27230046948356806,
        0.2863849765258216,
        0.27699530516431925,
        0.2863849765258216,
        0.3004694835680751,
        0.29107981220657275,
        0.3004694835680751
    ],
    "test loss history": [
        4.0885909734197625,
        4.0069586413567055,
        3.9123096040716754,
        3.8187442799689064,
        3.689735447297074,
        3.6378513501843375,
        3.4638427635873428,
        3.44865392743142,
        3.3242722329959062,
        3.272949191885935,
        3.1882815708017125,
        3.1956785777365098,
        3.0848945675881256,
        3.087373063038213,
        3.0243131935316634,
        2.9264747659925003,
        2.9435462906886714,
        2.9227135035913316,
        2.8523526605865763,
        2.8498783951074307,
        2.8594899524545445,
        2.814558211626581,
        2.832528894496076,
        2.8532001804298077,
        2.9302279792481185,
        2.9442371449000397,
        3.0050441759852737,
        3.0842033092964423,
        3.0097521907287024,
        3.135970645107574,
        3.0944661176260646,
        3.043329850049086,
        2.9872410622001255,
        2.981808131849262,
        2.9732157187842425,
        2.952406771306141,
        2.9365676065006165,
        2.9291645036616796,
        2.9339650158591115,
        2.975111956887402,
        2.901344617207845,
        3.024101030099,
        3.005848315959805,
        2.974918456144736,
        2.9444140559630774,
        3.0013187155477317,
        2.9797856662195055,
        2.9053846804748678,
        2.9543064782317257,
        3.002254581227549
    ],
    "lr history": [
        0.001,
        0.001,
        0.001,
        0.001,
        0.001,
        0.001,
        0.001,
        0.001,
        0.001,
        0.001,
        0.001,
        0.001,
        0.001,
        0.001,
        0.001,
        0.001,
        0.001,
        0.001,
        0.001,
        0.001,
        0.001,
        0.001,
        0.001,
        0.001,
        0.001,
        0.001,
        0.001,
        0.001,
        0.001,
        0.001,
        0.001,
        0.001,
        0.0001,
        0.0001,
        0.0001,
        0.0001,
        0.0001,
        0.0001,
        0.0001,
        0.0001,
        0.0001,
        0.0001,
        0.0001,
        1e-05,
        1e-05,
        1e-05,
        1e-05,
        1e-05,
        1e-05,
        1e-05
    ],
    "avg time per epoch": 1.5699370908737182
}